username,password,name
20240001,123456,张三
20240002,123456,李四
20240003,123456,王五
20240004,123456,赵六
20240005,123456,钱七
20240006,123456,孙八
20240007,123456,周九
20240008,123456,吴十
20240009,123456,郑十一
20240010,123456,王十二
20240011,123456,李小明
20240012,123456,张小红
20240013,123456,刘小刚
20240014,123456,陈小美
20240015,123456,杨小强
20240016,123456,黄小丽
20240017,123456,周小华
20240018,123456,吴小芳
20240019,123456,徐小军
20240020,123456,孙小燕
20240021,123456,朱小峰
20240022,123456,高小云
20240023,123456,林小杰
20240024,123456,何小霞
20240025,123456,郭小龙
20240026,123456,马小凤
20240027,123456,罗小波
20240028,123456,梁小静
20240029,123456,宋小涛
20240030,123456,谢小梅
20240031,123456,韩小东
20240032,123456,唐小西
20240033,123456,冯小南
20240034,123456,董小北
20240035,123456,萧小白
20240036,123456,程小青
20240037,123456,曹小紫
20240038,123456,袁小橙
20240039,123456,邓小黄
20240040,123456,许小蓝
20240041,123456,傅小绿
20240042,123456,沈小棕
20240043,123456,曾小灰
20240044,123456,彭小黑
20240045,123456,吕小银
20240046,123456,苏小金
20240047,123456,卢小铜
20240048,123456,蒋小铁
20240049,123456,蔡小钢
20240050,123456,贾小铝